{"cameraMode":{"drawMode":0,"name":"Shaded","section":"Shading Mode"},"sceneLighting":true,"audioPlay":false,"sceneViewState":{"m_AlwaysRefresh":true,"showFog":true,"showSkybox":true,"showFlares":true,"showImageEffects":true,"showParticleSystems":true,"showVisualEffectGraphs":true,"m_FxEnabled":true},"in2DMode":false,"pivot":{"x":17.272323608398439,"y":3.636000156402588,"z":-36.46040344238281},"rotation":{"x":-0.0803050696849823,"y":-0.8686761856079102,"z":0.15003171563148499,"w":-0.46528613567352297},"size":0.02999904938042164,"orthographic":false}