{"cameraMode":{"drawMode":0,"name":"Shaded","section":"Shading Mode"},"sceneLighting":true,"audioPlay":false,"sceneViewState":{"m_AlwaysRefresh":true,"showFog":true,"showSkybox":true,"showFlares":true,"showImageEffects":true,"showParticleSystems":true,"showVisualEffectGraphs":true,"m_FxEnabled":true},"in2DMode":false,"pivot":{"x":25.91561508178711,"y":-3.799617290496826,"z":-12.351388931274414},"rotation":{"x":0.07568582892417908,"y":0.9075649976730347,"z":-0.18633590638637544,"w":0.3686361312866211},"size":27.468534469604493,"orthographic":false}