{"cameraMode":{"drawMode":0,"name":"Shaded","section":"Shading Mode"},"sceneLighting":true,"audioPlay":false,"sceneViewState":{"m_AlwaysRefresh":true,"showFog":true,"showSkybox":true,"showFlares":true,"showImageEffects":true,"showParticleSystems":true,"showVisualEffectGraphs":true,"m_FxEnabled":true},"in2DMode":false,"pivot":{"x":10.451553344726563,"y":5.256812572479248,"z":9.727656364440918},"rotation":{"x":-0.09706002473831177,"y":0.7667606472969055,"z":-0.11941677331924439,"w":-0.6232153177261353},"size":11.834612846374512,"orthographic":false}