{"cameraMode":{"drawMode":0,"name":"Shaded","section":"Shading Mode"},"sceneLighting":true,"audioPlay":false,"sceneViewState":{"m_AlwaysRefresh":true,"showFog":true,"showSkybox":true,"showFlares":true,"showImageEffects":true,"showParticleSystems":true,"showVisualEffectGraphs":true,"m_FxEnabled":true},"in2DMode":false,"pivot":{"x":-0.13722547888755799,"y":-0.22001633048057557,"z":-5.969582557678223},"rotation":{"x":-0.09734749048948288,"y":0.0009349440224468708,"z":-0.00005463035267894156,"w":-0.9952718019485474},"size":6.266026496887207,"orthographic":false}