{"cameraMode":{"drawMode":0,"name":"Shaded","section":"Shading Mode"},"sceneLighting":true,"audioPlay":false,"sceneViewState":{"m_AlwaysRefresh":true,"showFog":true,"showSkybox":true,"showFlares":true,"showImageEffects":true,"showParticleSystems":true,"showVisualEffectGraphs":true,"m_FxEnabled":true},"in2DMode":false,"pivot":{"x":20.150182723999025,"y":3.116683006286621,"z":-20.735078811645509},"rotation":{"x":0.1275307983160019,"y":-0.2837861180305481,"z":0.03811228647828102,"w":0.9496055245399475},"size":0.8660253882408142,"orthographic":false}